id,heuristic,template,subtemplate_id,label,premise,hypothesis,high_quality,extreme_low_quality,var_list,example_premise,example_hypotheis,example_high_quality,example_extreme_low_quality
0, lexical_overlap, le_around_prepositional_phrase, 0, entailment, the N1 P1 the N2 Vt1 the N3., the N1 Vt1 the N3., the N1 P1 the N2 N1_Be1 still the N1., N1 N2 N1,"['N1', 'N2', 'N3', 'Vt1', 'P1', 'N1_Be1']",the technician by the engineers disturbed the curator .,the technician disturbed the curator .,the technician by the engineers is still the technician .,technician engineers technician
1, lexical_overlap, le_around_relative_clause, 0, entailment, the N1 Rels1 Vi1 Vt2 the N2., the N1 Vt2 the N2., the N1 Rels1 Vi1 N1_Be1 still the N1., N1 Vi1 N1,"['N1', 'Rels1', 'Vi1', 'Vt2', 'N2', 'N1_Be1']",the planners that cried needed the administrator .,the planners needed the administrator .,the planners that cried are still the planners .,planners cried planners
2, lexical_overlap, le_around_relative_clause, 1, entailment, the N1 Rels1 the N2 Vt1 Vt2 the N3., the N1 Vt2 the N3., the N1 Rels1 the N2 Vt1 N1_Be1 still the N1., N1 N2 Vt1 N1,"['N1', 'Rels1', 'Vt1', 'Vt2', 'N2', 'N3', 'N1_Be1']",the scientists who the doctor introduced mentioned the bankers .,the scientists mentioned the bankers .,the scientists who the doctor introduced are still the scientists .,scientists doctor introduced scientists
3, lexical_overlap, le_around_relative_clause, 2, entailment, the N1 Rels1 Vt1 the N2 Vt2 the N3., the N1 Vt2 the N3., the N1 Rels1 Vt1 the N2 N1_Be1 still the N1., N1 Vt1 N2 N1,"['N1', 'Rels1', 'Vt1', 'Vt2', 'N2', 'N3', 'N1_Be1']",the artisans that called the stylist supported the photographer .,the artisans supported the photographer .,the artisans that called the stylist are still the artisans .,artisans called stylist artisans
4, lexical_overlap, le_conjunction, 0, entailment, the N1 and the N2 Vt1 the N3., the N1 Vt1 the N3., the N1 N1_Be1 part of the N1 and the N2., N1 N1 N2,"['N1', 'Vt1', 'N2', 'N3', 'N1_Be1']",the designer and the doctors mentioned the actor .,the designer mentioned the actor .,the designer is part of the designer and the doctors .,designer designer doctors
5, lexical_overlap, le_conjunction, 1, entailment, the N1 Vt1 the N2 and the N3., the N1 Vt1 the N3., the N3 N3_Be1 part of the N2 and the N3., N3 N2 N3,"['N1', 'Vt1', 'N2', 'N3', 'N3_Be1']",the engineer found the programmer and the actors .,the engineer found the actors .,the actors are part of the programmer and the actors .,actors programmer actors
6, lexical_overlap, le_passive, 0, entailment, the Ns1 was Vt1 by the N2., the N2 Vt1 the Ns1.,"Vt1 is the active form of was Vt1 by , so we swap the Ns1 and the N2 .", Vt1 Vt1 Ns1 N2,"['Ns1', 'Vt1', 'N2']",the artist was offended by the dancer .,the dancer offended the artist .,"offended is the active form of was offended by , so we swap the artist and the dancer .",offended offended artist dancer
7, lexical_overlap, le_passive, 1, entailment, the Np1 were Vt1 by the N2., the N2 Vt1 the Np1.,"Vt1 is the active form of was Vt1 by , so we swap the Np1 and the N2.", Vt1 Vt1 Np1 N2,"['Np1', 'Vt1', 'N2']",the directors were affected by the technologist .,the technologist affected the directors .,"affected is the active form of was affected by , so we swap the directors and the technologist .",affected affected directors technologist
8, lexical_overlap, le_relative_clause, 0, entailment, the N1 Rels1 the N2 Vt1 Vt2 the N3.,the N2 Vt1 the N1.,Rels1 in Rels1 the N2 Vt1 refers to the N1., N2 Vt1 N1,"['N1', 'Vt1', 'N2', 'Vt2', 'N3', 'Rels1']",the musicians who the chaplains brought found the psychiatrists .,the chaplains brought the musicians .,who in who the chaplains brought refers to the musicians .,chaplains brought musicians
9, lexical_overlap, le_relative_clause, 1, entailment, the N1 Rels1 Vt1 the N2 Vt2 the N3., the N1 Vt1 the N2., Rels1 in Rels1 Vt1 the N2 refers to the N1., Vt1 N2 N1,"['N1', 'Vt1', 'Vt2', 'N2', 'Rels1', 'N3']",the lyricist who supported the planners saw the president .,the lyricist supported the planners .,who in who supported the planners refers to the lyricist .,supported planners lyricist
10, lexical_overlap, le_relative_clause, 2, entailment, the N1 Vt1 the N2 Rels1 Vt2 the N3., the N2 Vt2 the N3., the N2 is the subject of the relative clause Rels1 Vt2 the N3., N2 Vt2 N3,"['N1', 'Vt1', 'Vt2', 'N2', 'Rels1', 'N3']",the doctor supported the athlete that affected the programmer .,the athlete affected the programmer .,the athlete is the subject of the relative clause that affected the programmer .,athlete affected programmer
11, lexical_overlap, le_relative_clause, 3, entailment, the N1 Vt1 the N2 Rels1 the N3 Vt2., the N3 Vt2 the N2., the N2 N2_Be1 the object of the relative clause Rels1 the N3 Vt2., N2 N3 Vt2,"['N1', 'Vt1', 'Vt2', 'N2', 'Rels1', 'N3', 'N2_Be1']",the doctor mentioned the musicians that the presidents contacted .,the presidents contacted the musicians .,the musicians are the object of the relative clause that the presidents contacted .,musicians presidents contacted
12, lexical_overlap, ln_preposition, 0, neutral, the N1 P1 the N2 Vt1 the N3., the N2 Vt1 the N1.,"the N1 Vt1 the N3 and the N1 N1_Be1 P1 the N2 , we do not know whether the N2 Vt1 the N1.", N1 Vt1 N3 N1 N2 not know N2 Vt1 N1,"['N1', 'N2', 'N3', 'Vt1', 'P1', 'N1_Be1']",the actor behind the writer advised the strategists .,the writer advised the actor .,"the actor advised the strategists and the actor is behind the writer , we do not know whether the writer advised the actor .",actor advised strategists actor writer not know writer advised actor
13, lexical_overlap, ln_preposition, 1, neutral, the N1 P1 the N2 Vt1 the N3., the N3 Vt1 the N1.,"the N1 Vt1 the N3 , we do not know whether the N3 Vt1 the N1.", N1 Vt1 N3 not know N3 Vt1 N1,"['N1', 'N2', 'N3', 'Vt1', 'P1']",the technologist in front of the psychotherapist recognized the planners .,the planners recognized the technologist .,"the technologist recognized the planners , we do not know whether the planners recognized the technologist .",technologist recognized planners not know planners recognized technologist
14, lexical_overlap, ln_preposition, 2, neutral, the N1 P1 the N2 Vt1 the N3., the N3 Vt1 the N2.,"the N1 Vt1 the N3 and the N2 N2_Be1 P1 the N1 , we do not know whether the N3 Vt1 the N2.", N1 Vt1 N3 N2 N1 not know N3 Vt1 N2,"['N1', 'N2', 'N3', 'Vt1', 'P1', 'N2_Be1']",the artisan by the strategist expected the psychiatrists .,the psychiatrists expected the strategist .,"the artisan expected the psychiatrists and the strategist is by the artisan , we do not know whether the psychiatrists expected the strategist .",artisan expected psychiatrists strategist artisan not know psychiatrists expected strategist
15, lexical_overlap, ln_preposition, 3, neutral, the N1 Vt1 the N2 P1 the N3., the N2 Vt1 the N1.,"the N1 Vt1 the N2 , we do not know whether the N2 Vt1 the N1.", N1 Vt1 N2 not know N2 Vt1 N1,"['N1', 'N2', 'N3', 'Vt1', 'P1']",the doctors helped the musicians behind the bankers .,the musicians helped the doctors .,"the doctors helped the musicians , we do not know whether the musicians helped the doctors .",doctors helped musicians not know musicians helped doctors
16, lexical_overlap, ln_preposition, 4, neutral, the N1 Vt1 the N2 P1 the N3., the N2 Vt1 the N3.,"the N1 Vt1 the N2 and the N2 N2_Be2 P1 the N3 , we do not know whether the N2 Vt1 the N3.", N1 Vt1 N2 N2 N3 not know N2 Vt1 N3,"['N1', 'N2', 'N3', 'Vt1', 'P1', 'N1_Be1', 'N2_Be2']",the artisan saw the judge next to the musician .,the judge saw the musician .,"the artisan saw the judge and the judge is next to the musician , we do not know whether the judge saw the musician .",artisan saw judge judge musician not know judge saw musician
17, lexical_overlap, ln_preposition, 5, neutral, the N1 Vt1 the N2 P1 the N3., the N3 Vt1 the N1.,"the N1 Vt1 the N2 and the N2 N2_Be2 P1 the N3 , we do not know whether the N3 Vt1 the N1.", N1 Vt1 N2 N2 N3 not know N3 Vt1 N1,"['N1', 'N2', 'N3', 'Vt1', 'P1', 'N1_Be1', 'N2_Be2']",the animators recognized the curator by the professor .,the professor recognized the animators .,"the animators recognized the curator and the curator is by the professor , we do not know whether the professor recognized the animators .",animators recognized curator curator professor not know professor recognized animators
18, lexical_overlap, ln_relative_clause, 0, neutral, the N1 Rels1 the N2 Vt1 Vt2 the N3., the N2 Vt2 the N1.,"Rels1 in Rels1 the N2 Vt1 refers to the N1 and the N1 Vt2 the N3 , we do not know whether the N2 Vt2 the N1.", N2 Vt1 N1 N1 Vt2 N3 not know N2 Vt2 N1,"['N1', 'N2', 'N3', 'Vt1', 'Vt2', 'Rels1']",the student who the bakers admired contacted the curator .,the bakers contacted the student .,"who in who the bakers admired refers to the student and the student contacted the curator , we do not know whether the bakers contacted the student .",bakers admired student student contacted curator not know bakers contacted student
19, lexical_overlap, ln_relative_clause, 1, neutral, the N1 Rels1 the N2 Vt1 Vt2 the N3., the N3 Vt2 the N1.,"the N1 Vt2 the N3 , we do not know whether the N3 Vt2 the N1.", N1 Vt2 N3 not know N3 Vt2 N1,"['N1', 'N2', 'N3', 'Vt1', 'Vt2', 'Rels1']",the pencillers who the authors recommended addressed the analysts .,the analysts addressed the pencillers .,"the pencillers addressed the analysts , we do not know whether the analysts addressed the pencillers .",pencillers addressed analysts not know analysts addressed pencillers
20, lexical_overlap, ln_relative_clause, 2, neutral, the N1 Rels1 the N2 Vt1 Vt2 the N3., the N3 Vt1 the N2.,"the N1 N1_Be1 the object of the relative clause Rels1 the N2 Vt1 and the N1 Vt2 the N3 , we do not know whether the N3 Vt1 the N2.", N1 N2 Vt1 N1 Vt2 N3 not know N3 Vt1 N2,"['N1', 'N2', 'N3', 'Vt1', 'Vt2', 'Rels1', 'N1_Be1']",the counselors that the curator helped brought the actors .,the actors helped the curator .,"the counselors are the object of the relative clause that the curator helped and the counselors brought the actors , we do not know whether the actors helped the curator .",counselors curator helped counselors brought actors not know actors helped curator
21, lexical_overlap, ln_relative_clause, 3, neutral, the N1 Rels1 Vt1 the N2 Vt2 the N3., the N2 Vt2 the N1.,"the N1 N1_Be1 the subject of the relative clause Rels1 Vt1 the N2 and the N1 Vt2 the N3 , we do not know whether the N2 Vt2 the N1.", N1 Vt1 N2 N1 Vt2 N3 not know N2 Vt2 N1,"['N1', 'N2', 'N3', 'Vt1', 'Vt2', 'Rels1', 'N1_Be1']",the student who supported the singers avoided the artisan .,the singers avoided the student .,"the student is the subject of the relative clause who supported the singers and the student avoided the artisan , we do not know whether the singers avoided the student .",student supported singers student avoided artisan not know singers avoided student
22, lexical_overlap, ln_relative_clause, 4, neutral, the N1 Rels1 Vt1 the N2 Vt2 the N3., the N3 Vt2 the N1.,"the N1 Vt2 the N3 , we do not know whether the N3 Vt2 the N1.", N1 Vt2 N3 not know N3 Vt2 N1,"['N1', 'N2', 'N3', 'Vt1', 'Vt2', 'Rels1']",the artisans that advised the psychiatrist contacted the nurses .,the nurses contacted the artisans .,"the artisans contacted the nurses , we do not know whether the nurses contacted the artisans .",artisans contacted nurses not know nurses contacted artisans
23, lexical_overlap, ln_relative_clause, 5, neutral, the N1 Rels1 Vt1 the N2 Vt2 the N3., the N3 Vt2 the N2.,"the N1 N1_Be1 the subject of the relative clause Rels1 Vt1 the N2 and the N1 Vt2 the N3 , we do not know whether the N3 Vt2 the N2.", N1 Vt1 N2 N1 Vt2 N3 not know N3 Vt2 N2,"['N1', 'N2', 'N3', 'Vt1', 'Vt2', 'Rels1', 'N1_Be1']",the actors that encouraged the judges disturbed the chaplains .,the chaplains disturbed the judges .,"the actors are the subject of the relative clause that encouraged the judges and the actors disturbed the chaplains , we do not know whether the chaplains disturbed the judges .",actors encouraged judges actors disturbed chaplains not know chaplains disturbed judges
24, lexical_overlap, ln_relative_clause, 6, neutral, the N1 Vt1 the N2 Rels1 Vt2 the N3., the N2 Vt1 the N1.,"the N1 Vt1 the N2 , we do not know whether the N2 Vt1 the N1.", N1 Vt1 N2 not know N2 Vt1 N1,"['N1', 'N2', 'N3', 'Vt1', 'Vt2', 'Rels1']",the animator recommended the writer who disturbed the musicians .,the writer recommended the animator .,"the animator recommended the writer , we do not know whether the writer recommended the animator .",animator recommended writer not know writer recommended animator
25, lexical_overlap, ln_relative_clause, 7, neutral, the N1 Vt1 the N2 Rels1 Vt2 the N3., the N2 Vt1 the N3.,"the N2 N2_Be1 the subject of the relative clause Rels1 Vt2 the N3 and the N1 Vt1 the N2 , we do not know whether the N2 Vt1 the N3.", N2 Vt2 N3 N1 Vt1 N2 not know N2 Vt1 N3,"['N1', 'N2', 'N3', 'Vt1', 'Vt2', 'Rels1', 'N2_Be1']",the bakers called the sculptor who recommended the actors .,the sculptor called the actors .,"the sculptor is the subject of the relative clause who recommended the actors and the bakers called the sculptor , we do not know whether the sculptor called the actors .",sculptor recommended actors bakers called sculptor not know sculptor called actors
26, lexical_overlap, ln_relative_clause, 8, neutral, the N1 Vt1 the N2 Rels1 Vt2 the N3., the N3 Vt1 the N1.,"the N2 N2_Be1 the subject of the relative clause Rels1 Vt2 the N3 and the N1 Vt1 the N2 , we do not know whether the N3 Vt1 the N1.", N2 Vt2 N3 N1 Vt1 N2 not know N3 Vt1 N1,"['N1', 'N2', 'N3', 'Vt1', 'Vt2', 'Rels1', 'N2_Be1']",the chaplains recognized the senators who brought the baker .,the baker recognized the chaplains .,"the senators are the subject of the relative clause who brought the baker and the chaplains recognized the senators , we do not know whether the baker recognized the chaplains .",senators brought baker chaplains recognized senators not know baker recognized chaplains
27, lexical_overlap, ln_relative_clause, 9, neutral, the N1 Vt1 the N2 Rels1 the N3 Vt2., the N2 Vt1 the N1.,"the N1 Vt1 the N2 , we do not know whether the N2 Vt1 the N1.", N1 Vt1 N2 not know N2 Vt1 N1,"['N1', 'N2', 'N3', 'Vt1', 'Vt2', 'Rels1']",the counselors introduced the athlete who the essayists offended .,the athlete introduced the counselors .,"the counselors introduced the athlete , we do not know whether the athlete introduced the counselors .",counselors introduced athlete not know athlete introduced counselors
28, lexical_overlap, ln_relative_clause, 10, neutral, the N1 Vt1 the N2 Rels1 the N3 Vt2., the N2 Vt1 the N3.,"the N2 N2_Be1 the object of the relative clause Rels1 the N3 Vt2 and the N1 Vt1 the N2 , we do not know whether the N2 Vt1 the N3.", N2 N3 Vt2 N1 Vt1 N2 not know N2 Vt1 N3,"['N1', 'N2', 'N3', 'Vt1', 'Vt2', 'Rels1', 'N2_Be1']",the writers admired the artists who the nurse deceived .,the artists admired the nurse .,"the artists are the object of the relative clause who the nurse deceived and the writers admired the artists , we do not know whether the artists admired the nurse .",artists nurse deceived writers admired artists not know artists admired nurse
29, lexical_overlap, ln_relative_clause, 11, neutral, the N1 Vt1 the N2 Rels1 the N3 Vt2., the N3 Vt1 the N1.,"the N2 N2_Be1 the object of the relative clause Rels1 the N3 Vt2 and the N1 Vt1 the N2 , we do not know whether the N3 Vt1 the N1.", N2 N3 Vt2 N1 Vt1 N2 not know N3 Vt1 N1,"['N1', 'N2', 'N3', 'Vt1', 'Vt2', 'Rels1', 'N2_Be1']",the author disturbed the psychologists that the therapists encouraged .,the therapists disturbed the author .,"the psychologists are the object of the relative clause that the therapists encouraged and the author disturbed the psychologists , we do not know whether the therapists disturbed the author .",psychologists therapists encouraged author disturbed psychologists not know therapists disturbed author
30, lexical_overlap, ln_passive, 0, neutral, the Ns1 was Vt1 by the N2., the Ns1 Vt1 the N2.,"Vt1 is the active form of was Vt1 by , so the N2 Vt1 the Ns1 , we do not know whether the Ns1 Vt1 the N2.", Vt1 Vt1 N2 Vt1 Ns1 not know Ns1 Vt1 N2,"['Ns1', 'N2', 'Vt1']",the tourist was recommended by the strategists .,the tourist recommended the strategists .,"recommended is the active form of was recommended by , so the strategists recommended the tourist , we do not know whether the tourist recommended the strategists .",recommended recommended strategists recommended tourist not know tourist recommended strategists
31, lexical_overlap, ln_passive, 1, neutral, the Np1 were Vt1 by the N2., the Np1 Vt1 the N2.,"Vt1 is the active form of were Vt1 by , so the N2 Vt1 the Np1 , we do not know whether the Np1 Vt1 the N2.", Vt1 Vt1 N2 Vt1 Np1 not know Np1 Vt1 N2,"['Np1', 'N2', 'Vt1']",the photojournalists were brought by the scientist .,the photojournalists brought the scientist .,"brought is the active form of were brought by , so the scientist brought the photojournalists , we do not know whether the photojournalists brought the scientist .",brought brought scientist brought photojournalists not know photojournalists brought scientist
32, lexical_overlap, ln_conjunction, 0, neutral, the N1 and the N2 Vt1 the N3., the N1 Vt1 the N2.,"the N1 Vt1 the N3 and the N2 Vt1 the N3 , we do not know whether the N1 Vt1 the N2.", N1 Vt1 N3 N2 Vt1 N3 not know N1 Vt1 N2,"['N1', 'N2', 'N3', 'Vt1']",the administrators and the artisan found the senator .,the administrators found the artisan .,"the administrators found the senator and the artisan found the senator , we do not know whether the administrators found the artisan .",administrators found senator artisan found senator not know administrators found artisan
33, lexical_overlap, ln_conjunction, 1, neutral, the N1 and the N2 Vt1 the N3., the N2 Vt1 the N1.,"the N1 Vt1 the N3 and the N2 Vt1 the N3 , we do not know whether the N2 Vt1 the N1.", N1 Vt1 N3 N2 Vt1 N3 not know N2 Vt1 N1,"['N1', 'N2', 'N3', 'Vt1']",the directors and the chaplains disturbed the designer .,the chaplains disturbed the directors .,"the directors disturbed the designer and the chaplains disturbed the designer , we do not know whether the chaplains disturbed the directors .",directors disturbed designer chaplains disturbed designer not know chaplains disturbed directors
34, lexical_overlap, ln_conjunction, 2, neutral, the N1 Vt1 the N2 and the N3., the N2 Vt1 the N3.,"the N1 Vt1 the N2 and the N1 Vt1 the N3 , we do not know whether the N2 Vt1 the N3.", N1 Vt1 N2 N1 Vt1 N3 not know N2 Vt1 N3,"['N1', 'N2', 'N3', 'Vt1']",the artisans brought the doctors and the chaplains .,the doctors brought the chaplains .,"the artisans brought the doctors and the artisans brought the chaplains , we do not know whether the doctors brought the chaplains .",artisans brought doctors artisans brought chaplains not know doctors brought chaplains
35, lexical_overlap, ln_conjunction, 3, neutral, the N1 Vt1 the N2 and the N3., the N3 Vt1 the N2.,"the N1 Vt1 the N2 and the N1 Vt1 the N3 , we do not know whether the N3 Vt1 the N2.", N1 Vt1 N2 N1 Vt1 N3 not know N3 Vt1 N2,"['N1', 'N2', 'N3', 'Vt1']",the artists advised the pencillers and the counselors .,the counselors advised the pencillers .,"the artists advised the pencillers and the artists advised the counselors , we do not know whether the counselors advised the pencillers .",artists advised pencillers artists advised counselors not know counselors advised pencillers
36, lexical_overlap, ln_subject/object_swap, 0, neutral, the N1 Vt1 the N2., the N2 Vt1 the N1.,"the N1 Vt1 the N2 , if the N1 and the N2 are swapped , then we do not know whether the N2 Vt1 the N1.", N1 Vt1 N2 N1 N2 not know N2 Vt1 N1,"['N1', 'N2', 'Vt1']",the lyricist thanked the students .,the students thanked the lyricist .,"the lyricist thanked the students , if the lyricist and the students are swapped , then we do not know whether the students thanked the lyricist .",lyricist thanked students lyricist students not know students thanked lyricist
37, subsequence, se_adjective, 0, entailment, Adj1 Np1 Vi1., Np1 Vi1., Adj1 Np1 are still Np1., Adj1 Np1 Np1,"['Adj1', 'Np1', 'Vi1']",ambitious judges arrived .,judges arrived .,ambitious judges are still judges .,ambitious judges judges
38, subsequence, se_adjective, 1, entailment, Adj1 Np1 Vt1 the N2., Np1 Vt1 the N2., Adj1 Np1 are still Np1., Adj1 Np1 Np1,"['Adj1', 'Np1', 'Vt1', 'N2']",reliable pencillers helped the photojournalists .,pencillers helped the photojournalists .,reliable pencillers are still pencillers .,reliable pencillers pencillers
39, subsequence, se_understood_object, 0, entailment,the N1 Vunderstand1 the Vunderstand1_O1., the N1 Vunderstand1., Vunderstand1 the Vunderstand1_O1 is still Vunderstand1., Vunderstand1 Vunderstand1_O1 Vunderstand1,"['N1', 'Vunderstand1_O1', 'Vunderstand1']",the therapists wrote the speech .,the therapists wrote .,wrote the speech is still wrote .,wrote speech wrote
40, subsequence, se_relative_clause_on_obj, 0, entailment, the N1 Vt1 the N2 Rels1 Vi2., the N1 Vt1 the N2., the N2 Rels1 Vi2 N2_Be1 still the N2., N2 Vi2 N2,"['N1', 'Vt1', 'N2', 'N2_Be1', 'Rels1', 'Vi2']",the lawyer called the directors who worked .,the lawyer called the directors .,the directors who worked are still the directors .,directors worked directors
41, subsequence, se_relative_clause_on_obj, 1, entailment, the N1 Vt1 the N2 Rels1 the N3 Vt2., the N1 Vt1 the N2., the N2 Rels1 the N3 Vt2 N2_Be1 still the N2., N2 N3 Vt2 N2,"['N1', 'Vt1', 'N2', 'N2_Be1', 'Rels1', 'Vt2', 'N3']",the singer supported the senator that the writers introduced .,the singer supported the senator .,the senator that the writers introduced is still the senator .,senator writers introduced senator
42, subsequence, se_relative_clause_on_obj, 2, entailment, the N1 Vt1 the N2 Rels1 Vt2 the N3., the N1 Vt1 the N2., the N2 Rels1 Vt2 the N3 N2_Be1 still the N2., N2 Vt2 N3 N2,"['N1', 'Vt1', 'N2', 'N2_Be1', 'Rels1', 'Vt2', 'N3']",the actors admired the lyricists that found the therapist .,the actors admired the lyricists .,the lyricists that found the therapist are still the lyricists .,lyricists found therapist lyricists
43, subsequence, se_PP_on_obj, 0, entailment, the N1 Vt1 the N2 P1 the N3., the N1 Vt1 the N2., the N2 P1 the N3 N2_Be1 still the N2., N2 N3 N2,"['N1', 'Vt1', 'N2', 'N2_Be1', 'P1', 'N3']",the photographer affected the author near the planner .,the photographer affected the author .,the author near the planner is still the author .,author planner author
44, subsequence, se_conjunction, 0, entailment, the N1 and the N2 Vi1., the N2 Vi1., the N2 N2_Be1 part of the N1 and the N2., N2 N1 N2,"['N1', 'Vi1', 'N2', 'N2_Be1']",the photojournalists and the counselor cried .,the counselor cried .,the counselor is part of the photojournalists and the counselor .,counselor photojournalists counselor
45, subsequence, se_conjunction, 1, entailment, the N1 and the N2 Vt1 the N3., the N2 Vt1 the N3., the N2 N2_Be1 part of the N1 and the N2., N2 N1 N2,"['N1', 'Vt1', 'N2', 'N3', 'N2_Be1']",the banker and the judge mentioned the engineers .,the judge mentioned the engineers .,the judge is part of the banker and the judge .,judge banker judge
46, subsequence, se_conjunction, 2, entailment, the N1 Vt1 the N2 and the N3., the N1 Vt1 the N2., the N2 N2_Be1 part of the N2 and the N3., N2 N2 N3,"['N1', 'Vt1', 'N2', 'N3', 'N2_Be1']",the programmer mentioned the student and the penciller .,the programmer mentioned the student .,the student is part of the student and the penciller .,student student penciller
47, subsequence, sn_PP_on_subject, 0, neutral, the N1 P1 the N2 Vi1., the N2 Vi1.,"the N1 N1_Be1 P1 the N2 and the N1 Vi1 , we do not know whether the N2 Vi1.", N1 N2 N1 Vi1 not know N2 Vi1,"['N1', 'Vi1', 'N2', 'P1', 'N1_Be1']",the planner next to the psychotherapist existed .,the psychotherapist existed .,"the planner is next to the psychotherapist and the planner existed , we do not know whether the psychotherapist existed .",planner psychotherapist planner existed not know psychotherapist existed
48, subsequence, sn_PP_on_subject, 1, neutral, the N1 P1 the N2 Vt1 the N3., the N2 Vt1 the N3.,"the N1 N1_Be1 P1 the N2 and the N1 Vt1 the N3 , we do not know whether the N2 Vt1 the N3.", N1 N2 N1 Vt1 N3 not know N2 Vt1 N3,"['N1', 'Vt1', 'N2', 'N3', 'P1', 'N1_Be1']",the psychotherapists in front of the athlete recommended the animators .,the athlete recommended the animators .,"the psychotherapists are in front of the athlete and the psychotherapists recommended the animators , we do not know whether the athlete recommended the animators .",psychotherapists athlete psychotherapists recommended animators not know athlete recommended animators
49, subsequence, sn_relative_clause_on_subject, 0, neutral, the N1 Rels1 Vt1 the N2 Vi2., the N2 Vi2.,"the N1 Rels1 Vt1 the N2 N1_Be1 still the N1 , so the N1 Vi2 and we do not know whether the N2 Vi2.", N1 Vt1 N2 N1 N1 Vi2 not know N2 Vi2,"['N1', 'Vt1', 'N2', 'Vi2', 'Rels1', 'N1_Be1']",the actor who expected the stylists sat .,the stylists sat .,"the actor who expected the stylists is still the actor , so the actor sat and we do not know whether the stylists sat .",actor expected stylists actor actor sat not know stylists sat
50, subsequence, sn_relative_clause_on_subject, 1, neutral, the N1 Rels1 Vt1 the N2 Vt2 the N3., the N2 Vt2 the N3.,"the N1 Rels1 Vt1 the N2 N1_Be1 still the N1 , so the N1 Vt2 the N3 and we do not know whether the N2 Vt2 the N3.", N1 Vt1 N2 N1 N1 Vt2 N3 not know N2 Vt2 N3,"['N1', 'Vt1', 'N2', 'Vt2', 'Rels1', 'N3', 'N1_Be1']",the stylists that introduced the baker saw the lyricists .,the baker saw the lyricists .,"the stylists that introduced the baker are still the stylists , so the stylists saw the lyricists and we do not know whether the baker saw the lyricists .",stylists introduced baker stylists stylists saw lyricists not know baker saw lyricists
51, subsequence, sn_past_participle, 0, neutral, the N1 Vpp1 in the Nlocation2 Vi2., the N1 Vpp1 in the Nlocation2., the N1 N1_BePast1 Vpp1 in the Nlocation2 and we do not know whether the N1 Vpp1 in the Nlocation2., N1 Vpp1 Nlocation2 not know N1 Vpp1 Nlocation2,"['N1', 'Nlocation2', 'Vpp1', 'Vi2', 'N1_BePast1']",the singer helped in the laboratory appeared .,the singer helped in the laboratory .,the singer was helped in the laboratory and we do not know whether the singer helped in the laboratory .,singer helped laboratory not know singer helped laboratory
52, subsequence, sn_past_participle, 1, neutral, the N1 Vpp1 in the Nlocation2 Vt2 the N3., the N1 Vpp1 in the Nlocation2., the N1 N1_BePast1 Vpp1 in the Nlocation2 and we do not know whether the N1 Vpp1 in the Nlocation2., N1 Vpp1 Nlocation2 not know N1 Vpp1 Nlocation2,"['N1', 'Nlocation2', 'Vpp1', 'Vt2', 'N3', 'N1_BePast1']",the authors studied in the museum affected the essayists .,the authors studied in the museum .,the authors were studied in the museum and we do not know whether the authors studied in the museum .,authors studied museum not know authors studied museum
53, subsequence, sn_past_participle, 2, neutral, the N1 Vt1 the N2 Vpp2 in the Nlocation3.,the N2 Vpp2 in the Nlocation3., the N2 N2_BePast1 Vpp2 in the Nlocation3 and we do not know whether the N2 Vpp2 in the Nlocation3., N2 Vpp2 Nlocation3 not know N2 Vpp2 Nlocation3,"['N1', 'Nlocation3', 'Vt1', 'Vpp2', 'N2', 'N2_BePast1']",the engineers introduced the judge paid in the laboratory .,the judge paid in the laboratory .,the judge was paid in the laboratory and we do not know whether the judge paid in the laboratory .,judge paid laboratory not know judge paid laboratory
54, subsequence, sn_NP/Z, 0, neutral,"Conj1 the N1 Vnpz1 , the N2 Vi2.", the N1 Vnpz1 the N2.,"the N2 Vi2 and the N1 Vnpz1 , we do not know whether the N1 Vnpz1 the N2.", N2 Vi2 N1 Vnpz1 not know N1 Vnpz1 N2,"['Conj1', 'N1', 'N2', 'Vnpz1', 'Vi2']","although the artisan fought , the animator performed .",the artisan fought the animator .,"the animator performed and the artisan fought , we do not know whether the artisan fought the animator .",animator performed artisan fought not know artisan fought animator
55, subsequence, sn_NP/Z, 1, neutral,"Conj1 the N1 Vnpz1 , the N2 Vt2 the N3.", the N1 Vnpz1 the N2.,"the N2 Vt2 the N3 and the N1 Vnpz1 , we do not know whether the N1 Vnpz1 the N2.", N2 Vt2 N3 N1 Vnpz1 not know N1 Vnpz1 N2,"['Conj1', 'N1', 'N2', 'Vnpz1', 'Vt2', 'N3']","while the dancer presented , the designers deceived the lyricists .",the dancer presented the designers .,"the designers deceived the lyricists and the dancer presented , we do not know whether the dancer presented the designers .",designers deceived lyricists dancer presented not know dancer presented designers
56, subsequence, sn_NP/S, 0, neutral, the N1 Vnps1 the N2 Vi2., the N1 Vnps1 the N2.,"the N1 Vnps1 the N2 Vi2 , we do not know whether the N1 Vnps1 the person as in the N2.", N1 Vnps1 N2 Vi2 not know N1 Vnps1 N2,"['N1', 'N2', 'Vnps1', 'Vi2']",the doctor heard the worker grew .,the doctor heard the worker .,"the doctor heard the worker grew , we do not know whether the doctor heard the person as in the worker .",doctor heard worker grew not know doctor heard worker
57, subsequence, sn_NP/S, 1, neutral, the N1 Vnps1 the N2 Vt2 the N3., the N1 Vnps1 the N2.,"the N1 Vnps1 the N2 Vt2 the N3 , we do not know whether the N1 Vnps1 the person as in the N2.", N1 Vnps1 N2 Vt2 N3 not know N1 Vnps1 N2,"['N1', 'N2', 'Vnps1', 'Vt2', 'N3']",the musicians knew the analyst needed the counselor .,the musicians knew the analyst .,"the musicians knew the analyst needed the counselor , we do not know whether the musicians knew the person as in the analyst .",musicians knew analyst needed counselor not know musicians knew analyst
58, constituent, ce_after_since_clause, 0, entailment,"Advoutent1 the N1 Vi1 , the N2 Vi2.",the N2 Vi2.,"the N1 Vi1 , so the N2 Vi2.", N1 Vi1 N2 Vi2,"['N1', 'N2', 'Vi1', 'Vi2', 'Advoutent1']","since the musician shouted , the therapist existed .",the therapist existed .,"the musician shouted , so the therapist existed .",musician shouted therapist existed
59, constituent, ce_after_since_clause, 1, entailment,"Advoutent1 the N1 Vt1 the N3 , the N2 Vi2.", the N2 Vi2.,"the N1 Vt1 the N3 , so the N2 Vi2.", N1 Vt1 N3 N2 Vi2,"['N1', 'N2', 'Vt1', 'Vi2', 'N3', 'Advoutent1']","while the chaplain contacted the writers , the architects waited .",the architects waited .,"the chaplain contacted the writers , so the architects waited .",chaplain contacted writers architects waited
60, constituent, ce_after_since_clause, 2, entailment,"Advoutent1 the N1 Vi1 , the N2 Vt2 the N3.",the N2 Vt2 the N3.,"the N1 Vi1 , so the N2 Vt2 the N3.", N1 Vi1 N2 Vt2 N3,"['N1', 'N2', 'Vi1', 'Vt2', 'N3', 'Advoutent1']","because the writers worked , the bakers advised the senator .",the bakers advised the senator .,"the writers worked , so the bakers advised the senator .",writers worked bakers advised senator
61, constituent, ce_after_since_clause, 3, entailment,"Advoutent1 the N1 Vt1 the N3 , the N2 Vt2 the N4.",the N2 Vt2 the N4.,"the N1 Vt1 the N3 , so the N2 Vt2 the N4.", N1 Vt1 N3 N2 Vt2 N4,"['N1', 'N2', 'Vt1', 'Vt2', 'N3', 'N4', 'Advoutent1']","before the programmer called the actor , the sculptor contacted the administrators .",the sculptor contacted the administrators .,"the programmer called the actor , so the sculptor contacted the administrators .",programmer called actor sculptor contacted administrators
62, constituent, ce_after_since_clause, 4, entailment,"in case the N1 Vi1 , the N2 Vi2.", the N2 Vi2., the past tense Vi2 suggests the N2 Vi2 happened., Vi2 N2 Vi2,"['N1', 'N2', 'Vi1', 'Vi2']","in case the nurses agreed , the illustrator resigned .",the illustrator resigned .,the past tense resigned suggests the illustrator resigned happened .,resigned illustrator resigned
63, constituent, ce_after_since_clause, 5, entailment,"in case the N1 Vt1 the N3 , the N2 Vi2.", the N2 Vi2., the past tense Vi2 suggests the N2 Vi2 happened., Vi2 N2 Vi2,"['N1', 'N2', 'Vt1', 'Vi2', 'N3']","in case the photojournalist saw the technologist , the doctor cried .",the doctor cried .,the past tense cried suggests the doctor cried happened .,cried doctor cried
64, constituent, ce_after_since_clause, 6, entailment,"in case the N1 Vi1 , the N2 Vt2 the N3.", the N2 Vt2 the N3., the past tense Vt2 the N3 suggests the N2 Vt2 the N3 happened., Vt2 N3 N2 Vt2 N3,"['N1', 'N2', 'Vi1', 'Vt2', 'N3']","in case the nurse resigned , the designers recommended the analyst .",the designers recommended the analyst .,the past tense recommended the analyst suggests the designers recommended the analyst happened .,recommended analyst designers recommended analyst
65, constituent, ce_after_since_clause, 7, entailment,"in case the N1 Vt1 the N3 , the N2 Vt2 the N4.", the N2 Vt2 the N4., the past tense Vt2 the N3 suggests the N2 Vt2 the N3 happened., Vt2 N3 N2 Vt2 N3,"['N1', 'N2', 'Vt1', 'Vt2', 'N3', 'N4']","in case the senator avoided the professors , the lawyer recommended the directors .",the lawyer recommended the directors .,the past tense recommended the professors suggests the lawyer recommended the professors happened .,recommended professors lawyer recommended professors
66, constituent, ce_after_since_clause, 8, entailment,"whether or not the N1 Vi1 , the N2 Vi2.",the N2 Vi2.,the N2 Vi2 despite the clause whether or not the N1 Vi1., N2 Vi2 N1 Vi1,"['N1', 'N2', 'Vi1', 'Vi2']","whether or not the president existed , the architects appeared .",the architects appeared .,the architects appeared despite the clause whether or not the president existed .,architects appeared president existed
67, constituent, ce_after_since_clause, 9, entailment,"whether or not the N1 Vt1 the N3 , the N2 Vi2.",the N2 Vi2.,the N2 Vi2 despite the clause whether or not the N1 Vt1 the N3., N2 Vi2 N1 Vt1 N3,"['N1', 'N2', 'Vt1', 'Vi2', 'N3']","whether or not the workers affected the strategist , the nurses listened .",the nurses listened .,the nurses listened despite the clause whether or not the workers affected the strategist .,nurses listened workers affected strategist
68, constituent, ce_after_since_clause, 10, entailment,"whether or not the N1 Vi1 , the N2 Vt2 the N3.",the N2 Vt2 the N3.,the N2 Vt2 the N3 despite the clause whether or not the N1 Vi1., N2 Vt2 N3 N1 Vi1,"['N1', 'N2', 'Vi1', 'Vt2', 'N3']","whether or not the president smiled , the doctors helped the administrators .",the doctors helped the administrators .,the doctors helped the administrators despite the clause whether or not the president smiled .,doctors helped administrators president smiled
69, constituent, ce_after_since_clause, 11, entailment,"whether or not the N1 Vt1 the N3 , the N2 Vt2 the N4.",the N2 Vt2 the N4.,the N2 Vt2 the N4 despite the clause whether or not the N1 Vt1 the N3., N2 Vt2 N4 N1 Vt1 N3,"['N1', 'N2', 'Vt1', 'Vt2', 'N3', 'N4']","whether or not the officers saw the nurse , the artisan found the presidents .",the artisan found the presidents .,the artisan found the presidents despite the clause whether or not the officers saw the nurse .,artisan found presidents officers saw nurse
70, constituent, ce_embedded_under_verb, 0, entailment, the N1 Vconstquotentailed1 that the N2 Vi2., the N2 Vi2.,"the N1 Vconstquotentailed1 that the N2 Vi2 , so the N2 Vi2 happened.", N1 Vconstquotentailed1 N2 Vi2 N2 Vi2,"['N1', 'N2', 'Vconstquotentailed1', 'Vi2']",the analysts learned that the lawyers laughed .,the lawyers laughed .,"the analysts learned that the lawyers laughed , so the lawyers laughed happened .",analysts learned lawyers laughed lawyers laughed
71, constituent, ce_embedded_under_verb, 1, entailment, the N1 Vconstquotentailed1 that the N2 Vt2 the N3., the N2 Vt2 the N3.,"the N1 Vconstquotentailed1 that the N2 Vt2 the N3 , so the N2 Vt2 the N3 happened.", N1 Vconstquotentailed1 N2 Vt2 N3 N2 Vt2 N3,"['N1', 'N2', 'Vconstquotentailed1', 'Vt2', 'N3']",the animators learned that the photojournalists deceived the lawyer .,the photojournalists deceived the lawyer .,"the animators learned that the photojournalists deceived the lawyer , so the photojournalists deceived the lawyer happened .",animators learned photojournalists deceived lawyer photojournalists deceived lawyer
72, constituent, ce_conjunction, 0, entailment,"the N1 Vi1 , and the N2 Vi2.", the N1 Vi1., and suggests both the N1 Vi1 and the N2 Vi2., N1 Vi1 N2 Vi2,"['N1', 'N2', 'Vi1', 'Vi2']","the nurse arrived , and the psychotherapists resigned .",the nurse arrived .,and suggests both the nurse arrived and the psychotherapists resigned .,nurse arrived psychotherapists resigned
73, constituent, ce_conjunction, 1, entailment,"the N1 Vi1 , and the N2 Vt2 the N3.", the N1 Vi1., and suggests both the N1 Vi1 and the N2 Vt2 the N3., N1 Vi1 N2 Vt2 N3,"['N1', 'N2', 'Vi1', 'Vt2', 'N3']","the student panicked , and the counselor brought the worker .",the student panicked .,and suggests both the student panicked and the counselor brought the worker .,student panicked counselor brought worker
74, constituent, ce_conjunction, 2, entailment,"the N1 Vt1 the N3 , and the N2 Vi2.", the N1 Vt1 the N3., and suggests both the N1 Vt1 the N3 and the N2 Vi2., N1 Vt1 N3 N2 Vi2,"['N1', 'N2', 'Vt1', 'Vi2', 'N3']","the professors offended the judge , and the tourist danced .",the professors offended the judge .,and suggests both the professors offended the judge and the tourist danced .,professors offended judge tourist danced
75, constituent, ce_conjunction, 3, entailment,"the N1 Vt1 the N3 , and the N2 Vt2 the N4.", the N1 Vt1 the N3., and suggests both the N1 Vt1 the N3 and the N2 Vt2 the N4., N1 Vt1 N3 N2 Vt2 N4,"['N1', 'N2', 'Vt1', 'Vt2', 'N3', 'N4']","the designers saw the lawyer , and the colorist needed the manager .",the designers saw the lawyer .,and suggests both the designers saw the lawyer and the colorist needed the manager .,designers saw lawyer colorist needed manager
76, constituent, ce_conjunction, 4, entailment,"the N1 Vi1 , and the N2 Vi2.", the N2 Vi2., and suggests both the N1 Vi1 and the N2 Vi2., N1 Vi1 N2 Vi2,"['N1', 'N2', 'Vi1', 'Vi2']","the photojournalists performed , and the animators talked .",the animators talked .,and suggests both the photojournalists performed and the animators talked .,photojournalists performed animators talked
77, constituent, ce_conjunction, 5, entailment,"the N1 Vi1 , and the N2 Vt2 the N3.", the N2 Vt2 the N3., and suggests both the N1 Vi1 and the N2 Vt2 the N3., N1 Vi1 N2 Vt2 N3,"['N1', 'N2', 'Vi1', 'Vt2', 'N3']","the actor smiled , and the doctors recommended the pencillers .",the doctors recommended the pencillers .,and suggests both the actor smiled and the doctors recommended the pencillers .,actor smiled doctors recommended pencillers
78, constituent, ce_conjunction, 6, entailment,"the N1 Vt1 the N3 , and the N2 Vi2.", the N2 Vi2., and suggests both the N1 Vt1 the N3 and the N2 Vi2., N1 Vt1 N3 N2 Vi2,"['N1', 'N2', 'Vt1', 'Vi2', 'N3']","the animators helped the architect , and the sculptors panicked .",the sculptors panicked .,and suggests both the animators helped the architect and the sculptors panicked .,animators helped architect sculptors panicked
79, constituent, ce_conjunction, 7, entailment,"the N1 Vt1 the N3 , and the N2 Vt2 the N4.", the N2 Vt2 the N4., and suggests both the N1 Vt1 the N3 and the N2 Vt2 the N4., N1 Vt1 N3 N2 Vt2 N4,"['N1', 'N2', 'Vt1', 'Vt2', 'N3', 'N4']","the sculptors saw the pencillers , and the architects offended the potter .",the architects offended the potter .,and suggests both the sculptors saw the pencillers and the architects offended the potter .,sculptors saw pencillers architects offended potter
80, constituent, ce_adverb, 0, entailment, Advent1 the N1 Vi1., the N1 Vi1., Advent1 suggests the N1 Vi1 happened., Advent1 N1 Vi1,"['Advent1', 'N1', 'Vi1']",definitely the programmers cried .,the programmers cried .,definitely suggests the programmers cried happened .,definitely programmers cried
81, constituent, ce_adverb, 1, entailment, Advent1 the N1 Vt1 the N2., the N1 Vt1 the N2., Advent1 suggests the N1 Vt1 the N2 happened., Advent1 N1 Vt1 N2,"['Advent1', 'N1', 'Vt1', 'N2']",certainly the illustrators admired the president .,the illustrators admired the president .,certainly suggests the illustrators admired the president happened .,certainly illustrators admired president
82, constituent, ce_adverb, 2, entailment, without a doubt the N1 Vi1., the N1 Vi1., without a doubt suggests the N1 Vi1 happened., without a doubt N1 Vi1,"['N1', 'Vi1']",without a doubt the athletes lay .,the athletes lay .,without a doubt suggests the athletes lay happened .,without a doubt athletes lay
83, constituent, ce_adverb, 3, entailment, without a doubt the N1 Vt1 the N2., the N1 Vt1 the N2., without a doubt suggests the N1 Vt1 the N2 happened., without a doubt N1 Vt1 N2,"['N1', 'Vt1', 'N2']",without a doubt the scientists brought the programmers .,the scientists brought the programmers .,without a doubt suggests the scientists brought the programmers happened .,without a doubt scientists brought programmers
84, constituent, ce_adverb, 4, entailment, of course the N1 Vi1., the N1 Vi1.,of course suggests the N1 Vi1 happened., of course N1 Vi1,"['N1', 'Vi1']",of course the counselors smiled .,the counselors smiled .,of course suggests the counselors smiled happened .,of course counselors smiled
85, constituent, ce_adverb, 5, entailment, of course the N1 Vt1 the N2., the N1 Vt1 the N2., of course suggests the N1 Vt1 the N2 happened., of course N1 Vt1 N2,"['N1', 'Vt1', 'N2']",of course the illustrator advised the chaplain .,the illustrator advised the chaplain .,of course suggests the illustrator advised the chaplain happened .,of course illustrator advised chaplain
86, constituent, ce_embedded_under_since, 0, entailment,"Advembent1 the N1 Vi1 , the N2 Vi2.", the N1 Vi1., Advembent1 suggests the N1 Vi1 happened., Advembent1 N1 Vi1,"['Advembent1', 'N1', 'N2', 'Vi1', 'Vi2']","though the stylist shouted , the technician talked .",the stylist shouted .,though suggests the stylist shouted happened .,though stylist shouted
87, constituent, ce_embedded_under_since, 1, entailment,"Advembent1 the N1 Vi1 , the N2 Vt2 the N3.", the N1 Vi1., Advembent1 suggests the N1 Vi1 happened., Advembent1 N1 Vi1,"['Advembent1', 'N1', 'N2', 'Vi1', 'Vt2', 'N3']","though the athletes yelled , the lyricists admired the potter .",the athletes yelled .,though suggests the athletes yelled happened .,though athletes yelled
88, constituent, ce_embedded_under_since, 2, entailment,"Advembent1 the N1 Vt1 the N3 , the N2 Vi2.",  the N1 Vt1 the N3., Advembent1 suggests the N1 Vt1 the N3 happened., Advembent1 N1 Vt1 N3,"['Advembent1', 'N1', 'N2', 'Vt1', 'Vi2', 'N3']","after the stylists thanked the analyst , the photographers arrived .",the stylists thanked the analyst .,after suggests the stylists thanked the analyst happened .,after stylists thanked analyst
89, constituent, ce_embedded_under_since, 3, entailment,"Advembent1 the N1 Vt1 the N3 , the N2 Vt2 the N4.", the N1 Vt1 the N3., Advembent1 suggests the N1 Vt1 the N3 happened., Advembent1 N1 Vt1 N3,"['Advembent1', 'N1', 'N2', 'Vt1', 'Vt2', 'N3', 'N4']","though the artisan helped the illustrator , the colorists offended the writer .",the artisan helped the illustrator .,though suggests the artisan helped the illustrator happened .,though artisan helped illustrator
90, constituent, cn_after_if_clause, 0, neutral,"Advoutnent1 the N1 Vi1 , the N2 Vi2.", the N2 Vi2.,"we do not know if the N1 Vi1 , so we do not know if the N2 Vi2.", not know N1 Vi1 not know N2 Vi2,"['Advoutnent1', 'N1', 'N2', 'Vi1', 'Vi2']","unless the artists died , the musician listened .",the musician listened .,"we do not know if the artists died , so we do not know if the musician listened .",not know artists died not know musician listened
91, constituent, cn_after_if_clause, 1, neutral,"Advoutnent1 the N1 Vi1 , the N2 Vt2 the N3.", the N2 Vt2 the N3.,"we do not know if the N1 Vi1 , so we do not know if the N2 Vt2 the N3.", not know N1 Vi1 not know N2 Vt2 N3,"['Advoutnent1', 'N1', 'N2', 'Vi1', 'Vt2', 'N3']","unless the writer performed , the authors encouraged the lyricist .",the authors encouraged the lyricist .,"we do not know if the writer performed , so we do not know if the authors encouraged the lyricist .",not know writer performed not know authors encouraged lyricist
92, constituent, cn_after_if_clause, 2, neutral,"Advoutnent1 the N1 Vt1 the N3 , the N2 Vi2.", the N2 Vi2.,"we do not know if the N1 Vt1 the N3 , so we do not know if the N2 Vi2.", not know N1 Vt1 N3 not know N2 Vi2,"['Advoutnent1', 'N1', 'N2', 'Vt1', 'Vi2', 'N3']","unless the senators called the athlete , the sculptors panicked .",the sculptors panicked .,"we do not know if the senators called the athlete , so we do not know if the sculptors panicked .",not know senators called athlete not know sculptors panicked
93, constituent, cn_after_if_clause, 3, neutral,"Advoutnent1 the N1 Vt1 the N3 , the N2 Vt2 the N4.", the N2 Vt2 the N4.,"we do not know if the N1 Vt1 the N3 , so we do not know if the N2 Vt2 the N4.", not know N1 Vt1 N3 not know N2 Vt2 N4,"['Advoutnent1', 'N1', 'N2', 'Vt1', 'Vt2', 'N3', 'N4']","unless the technicians offended the manager , the dancer disturbed the colorist .",the dancer disturbed the colorist .,"we do not know if the technicians offended the manager , so we do not know if the dancer disturbed the colorist .",not know technicians offended manager not know dancer disturbed colorist
94, constituent, cn_embedded_under_verb, 0, neutral, the N1 Vnonentquote1 that the N2 Vi2., the N2 Vi2.,"Vnonentquote1 suggests a hypothesis of the N1 , so we do not know whether the N2 Vi2.", Vnonentquote1 N1 not know N2 Vi2,"['N1', 'N2', 'Vnonentquote1', 'Vi2']",the analyst thought that the technologists laughed .,the technologists laughed .,"thought suggests a hypothesis of the analyst , so we do not know whether the technologists laughed .",thought analyst not know technologists laughed
95, constituent, cn_embedded_under_verb, 1, neutral, the N1 Vnonentquote1 that the N2 Vt2 the N3., the N2 Vt2 the N3.,"Vnonentquote1 suggests a hypothesis of the N1 , so we do not know whether the N2 Vt2 the N3.", Vnonentquote1 N1 not know N2 Vt2 N3,"['N1', 'N2', 'Vnonentquote1', 'Vt2', 'N3']",the tourists claimed that the psychologists avoided the banker .,the psychologists avoided the banker .,"claimed suggests a hypothesis of the tourists , so we do not know whether the psychologists avoided the banker .",claimed tourists not know psychologists avoided banker
96, constituent, cn_disjunction, 0, neutral,"the N1 Vi1 , or the N2 Vi2.", the N1 Vi1.,"if the N2 Vi2 , then we do not know whether the N1 Vi1.", N2 Vi2 not know N1 Vi1,"['N1', 'N2', 'Vi1', 'Vi2']","the curator appeared , or the pencillers continued .",the curator appeared .,"if the pencillers continued , then we do not know whether the curator appeared .",pencillers continued not know curator appeared
97, constituent, cn_disjunction, 1, neutral,"the N1 Vi1 , or the N2 Vt2 the N3.", the N1 Vi1.,"if the N2 Vt2 the N3 , then we do not know whether the N1 Vi1.", N2 Vt2 N3 not know N1 Vi1,"['N1', 'N2', 'Vi1', 'Vt2', 'N3']","the psychiatrist appeared , or the animators supported the president .",the psychiatrist appeared .,"if the animators supported the president , then we do not know whether the psychiatrist appeared .",animators supported president not know psychiatrist appeared
98, constituent, cn_disjunction, 2, neutral,"the N1 Vt1 the N3 , or the N2 Vi2.", the N1 Vt1 the N3.,"if the N2 Vi2 , then we do not know whether the N1 Vt1 the N3.", N2 Vi2 not know N1 Vt1 N3,"['N1', 'N2', 'Vt1', 'Vi2', 'N3']","the senators found the psychiatrist , or the animators sat .",the senators found the psychiatrist .,"if the animators sat , then we do not know whether the senators found the psychiatrist .",animators sat not know senators found psychiatrist
99, constituent, cn_disjunction, 3, neutral,"the N1 Vt1 the N3 , or the N2 Vt2 the N4.", the N1 Vt1 the N3.,"if the N2 Vt2 the N4 , then we do not know whether the N1 Vt1 the N3.", N2 Vt2 N4 not know N1 Vt1 N3,"['N1', 'N2', 'Vt1', 'Vt2', 'N3', 'N4']","the lawyer called the artists , or the doctors supported the manager .",the lawyer called the artists .,"if the doctors supported the manager , then we do not know whether the lawyer called the artists .",doctors supported manager not know lawyer called artists
100, constituent, cn_disjunction, 4, neutral,"the N1 Vi1 , or the N2 Vi2.", the N2 Vi2.,"if the N1 Vi1 , then we do not know whether the N2 Vi2.", N1 Vi1 not know N2 Vi2,"['N1', 'N2', 'Vi1', 'Vi2']","the technician smiled , or the athlete agreed .",the athlete agreed .,"if the technician smiled , then we do not know whether the athlete agreed .",technician smiled not know athlete agreed
101, constituent, cn_disjunction, 5, neutral,"the N1 Vi1 , or the N2 Vt2 the N3.", the N2 Vt2 the N3.,"if the N1 Vi1 , then we do not know whether the N2 Vt2 the N3.", N1 Vi1 not know N2 Vt2 N3,"['N1', 'N2', 'Vi1', 'Vt2', 'N3']","the dancers waited , or the strategist advised the student .",the strategist advised the student .,"if the dancers waited , then we do not know whether the strategist advised the student .",dancers waited not know strategist advised student
102, constituent, cn_disjunction, 6, neutral,"the N1 Vt1 the N3 , or the N2 Vi2.", the N2 Vi2.,"if the N1 Vt1 the N3 , then we do not know whether the N2 Vi2.", N1 Vt1 N3 not know N2 Vi2,"['N1', 'N2', 'Vt1', 'Vi2', 'N3']","the singer thanked the psychologists , or the president died .",the president died .,"if the singer thanked the psychologists , then we do not know whether the president died .",singer thanked psychologists not know president died
103, constituent, cn_disjunction, 7, neutral,"the N1 Vt1 the N3 , or the N2 Vt2 the N4.", the N2 Vt2 the N4.,"if the N1 Vt1 the N3 , then we do not know whether the N2 Vt2 the N4.", N1 Vt1 N3 not know N2 Vt2 N4,"['N1', 'N2', 'Vt1', 'Vt2', 'N3', 'N4']","the programmers brought the psychiatrist , or the photographer contacted the dancers .",the photographer contacted the dancers .,"if the programmers brought the psychiatrist , then we do not know whether the photographer contacted the dancers .",programmers brought psychiatrist not know photographer contacted dancers
104, constituent, cn_adverb, 0, neutral, Advnonent1 the N1 Vi1., the N1 Vi1.,"Advnonent1 suggests an uncertainty, so we do not know whether the N1 Vi1.", Advnonent1 not know N1 Vi1,"['N1', 'Advnonent1', 'Vi1']",probably the essayists talked .,the essayists talked .,"probably suggests an uncertainty, so we do not know whether the essayists talked .",probably not know essayists talked
105, constituent, cn_adverb, 1, neutral, Advnonent1 the N1 Vt1 the N2., the N1 Vt1 the N2.,"Advnonent1 suggests an uncertainty, so we do not know whether the N1 Vt1 the N2.", Advnonent1 not know N1 Vt1 N2,"['N1', 'Advnonent1', 'Vt1', 'N2']",probably the doctors called the students .,the doctors called the students .,"probably suggests an uncertainty, so we do not know whether the doctors called the students .",probably not know doctors called students
106, constituent, cn_embedded_under_if, 0, neutral,"Advembnent1 the N1 Vi1 , the N2 Vi2.", the N1 Vi1.,"the N2 Vi2 if the N1 Vi1 , we do not know whether the N1 Vi1.", N2 Vi2 N1 Vi1 not know N1 Vi1,"['Advembnent1', 'N1', 'N2', 'Vi1', 'Vi2']","unless the programmers continued , the banker shouted .",the programmers continued .,"the banker shouted if the programmers continued , we do not know whether the programmers continued .",banker shouted programmers continued not know programmers continued
107, constituent, cn_embedded_under_if, 1, neutral,"Advembnent1 the N1 Vi1 , the N2 Vt2 the N3.", the N1 Vi1.,"the N2 Vt2 the N3 if the N1 Vi1 , we do not know whether the N1 Vi1.", N2 Vt2 N3 N1 Vi1 not know N1 Vi1,"['Advembnent1', 'N1', 'N2', 'Vi1', 'Vt2', 'N3']","unless the athletes worked , the technicians supported the architects .",the athletes worked .,"the technicians supported the architects if the athletes worked , we do not know whether the athletes worked .",technicians supported architects athletes worked not know athletes worked
108, constituent, cn_embedded_under_if, 2, neutral,"Advembnent1 the N1 Vt1 the N3 , the N2 Vi2.", the N1 Vt1 the N3.,"the N2 Vi2 if the N1 Vt1 the N3 , we do not know whether the N1 Vt1 the N3.", N2 Vi2 N1 Vt1 N3 not know N1 Vt1 N3,"['Advembnent1', 'N1', 'N2', 'Vt1', 'Vi2', 'N3']","if the colorist recommended the animators , the officers voted .",the colorist recommended the animators .,"the officers voted if the colorist recommended the animators , we do not know whether the colorist recommended the animators .",officers voted colorist recommended animators not know colorist recommended animators
109, constituent, cn_embedded_under_if, 3, neutral,"Advembnent1 the N1 Vt1 the N3 , the N2 Vt2 the N4.", the N1 Vt1 the N3.,"the N2 Vt2 the N4 if the N1 Vt1 the N3 , we do not know whether the N1 Vt1 the N3.", N2 Vt2 N4 N1 Vt1 N3 not know N1 Vt1 N3,"['Advembnent1', 'N1', 'N2', 'Vt1', 'Vt2', 'N3', 'N4']","if the professor brought the analyst , the animator supported the colorist .",the professor brought the analyst .,"the animator supported the colorist if the professor brought the analyst , we do not know whether the professor brought the analyst .",animator supported colorist professor brought analyst not know professor brought analyst
110, constituent, cn_embedded_under_if, 4, neutral,"whether or not the N1 Vi1 , the N2 Vi2.", the N1 Vi1., whether or not suggests we do not know whether the N1 Vi1., not know N1 Vi1,"['N1', 'N2', 'Vi1', 'Vi2']","whether or not the student laughed , the psychologists shouted .",the student laughed .,whether or not suggests we do not know whether the student laughed .,not know student laughed
111, constituent, cn_embedded_under_if, 5, neutral,"whether or not the N1 Vi1 , the N2 Vt2 the N3.", the N1 Vi1., whether or not suggests we do not know whether the N1 Vi1., not know N1 Vi1,"['N1', 'N2', 'Vi1', 'Vt2', 'N3']","whether or not the author grew , the analysts offended the musician .",the author grew .,whether or not suggests we do not know whether the author grew .,not know author grew
112, constituent, cn_embedded_under_if, 6, neutral,"whether or not the N1 Vt1 the N3 , the N2 Vi2.", the N1 Vt1 the N3., whether or not suggests we do not know whether the N1 Vt1 the N3., not know N1 Vt1 N3,"['N1', 'N2', 'Vt1', 'Vi2', 'N3']","whether or not the baker disturbed the chaplain , the planners worked .",the baker disturbed the chaplain .,whether or not suggests we do not know whether the baker disturbed the chaplain .,not know baker disturbed chaplain
113, constituent, cn_embedded_under_if, 7, neutral,"whether or not the N1 Vt1 the N3 , the N2 Vt2 the N4.", the N1 Vt1 the N3., whether or not suggests we do not know whether the N1 Vt1 the N3., not know N1 Vt1 N3,"['N1', 'N2', 'Vt1', 'Vt2', 'N3', 'N4']","whether or not the animators addressed the nurse , the counselors affected the writer .",the animators addressed the nurse .,whether or not suggests we do not know whether the animators addressed the nurse .,not know animators addressed nurse
114, constituent, cn_embedded_under_if, 8, neutral,"in case the N1 Vi1 , the N2 Vi2.", the N1 Vi1.,"the N2 Vi2 if the N1 Vi1 , we do not know whether the N1 Vi1.", N2 Vi2 N1 Vi1 not know N1 Vi1,"['N1', 'N2', 'Vi1', 'Vi2']","in case the psychologist listened , the artist grew .",the psychologist listened .,"the artist grew if the psychologist listened , we do not know whether the psychologist listened .",artist grew psychologist listened not know psychologist listened
115, constituent, cn_embedded_under_if, 9, neutral,"in case the N1 Vi1 , the N2 Vt2 the N3.", the N1 Vi1.,"the N2 Vt2 the N3 if the N1 Vi1 , we do not know whether the N1 Vi1.", N2 Vt2 N3 N1 Vi1 not know N1 Vi1,"['N1', 'N2', 'Vi1', 'Vt2', 'N3']","in case the potter panicked , the doctors recommended the judge .",the potter panicked .,"the doctors recommended the judge if the potter panicked , we do not know whether the potter panicked .",doctors recommended judge potter panicked not know potter panicked
116, constituent, cn_embedded_under_if, 10, neutral,"in case the N1 Vt1 the N3 , the N2 Vi2.", the N1 Vt1 the N3.,"the N2 Vi2 if the N1 Vt1 the N3 , we do not know whether the N1 Vt1 the N3.", N2 Vi2 N1 Vt1 N3 not know N1 Vt1 N3,"['N1', 'N2', 'Vt1', 'Vi2', 'N3']","in case the animator needed the bankers , the psychotherapists existed .",the animator needed the bankers .,"the psychotherapists existed if the animator needed the bankers , we do not know whether the animator needed the bankers .",psychotherapists existed animator needed bankers not know animator needed bankers
117, constituent, cn_embedded_under_if, 11, neutral,"in case the N1 Vt1 the N3 , the N2 Vt2 the N4.", the N1 Vt1 the N3.,"the N2 Vt2 the N4 if the N1 Vt1 the N3 , we do not know whether the N1 Vt1 the N3.", N2 Vt2 N4 N1 Vt1 N3 not know N1 Vt1 N3,"['N1', 'N2', 'Vt1', 'Vt2', 'N3', 'N4']","in case the doctor helped the judge , the athletes addressed the musicians .",the doctor helped the judge .,"the athletes addressed the musicians if the doctor helped the judge , we do not know whether the doctor helped the judge .",athletes addressed musicians doctor helped judge not know doctor helped judge
